1,Dhruvana,dhru@gmail.com,9618530448,BD,WD,Thursday,16-09-2021,4pm
4,Anusha,anu@gmail.com,7645092347,DS,WE,Saturday,25-09-2021,10am
6,Maneesh,maneesh@gmail.com,9963555228,BD,WE,Saturday,25-09-2021,4pm
11,Kruthin,kruthin@ymail.com,7459032446,BD,WD,Thursday,16-09-2021,10am
13,Nikhil,nikhil@gmail.com,8765003641,PY,WE,Saturday,18-09-2021,4pm
16,Harinath,harinath@gmail.com,7656349012,BD,WD,Thursday,23-09-2021,10am
17,Harish,hariish@gmail.com,9007487654,AI,WE,Saturday,25-09-2021,4pm
19,Bindu,bindu@gmail.com,9007483120,PY,WD,Thursday,23-09-2021,4pm
22,Praveen,praveen@gmail.com,9988775632,FSD,WD,Thursday,16-09-2021,4pm
23,Anish,anish@gmail.com,9987334456,AI,WE,Saturday,18-09-2021,4pm
26,trupti,tc@gmail.com,9587632584,DS,WE,Saturday,18-09-2021,10am
27,amol,amol234@gmail.com,2398754166,AI,WE,Saturday,18-09-2021,4pm
29,ram,rd65@gmail.com,1122334455,DS,WE,Saturday,18-09-2021,4pm
30,neha,nehaghosh@gmail.com,9874563212,BD,WE,Saturday,18-09-2021,4pm
32,surya,sdev@gmail.com,9988647512,AI,WE,Saturday,18-09-2021,10am
35,rutuja,rutu49@gmail.com,4596325875,PY,WD,Thursday,23-09-2021,4pm
36,sameer,sam678@gmail.com,1986984752,FSD,WE,Saturday,25-09-2021,10am
37,rahul,rarul99@gmail.com,3366998898,BD,WD,Thursday,16-09-2021,4pm
40,rajiv,raj8@gmail.com,2265998745,DS,WE,Saturday,25-09-2021,4pm
43,ruhi,ruhujain@gmail.com,1233216545,FSD,WD,Thursday,16-09-2021,10am
47,archita,archusen@gmail.com,2123113322,BD,WE,Saturday,25-09-2021,4pm
54,Aniket,fdeee@gamil.com,9879700067,PY,WE,Saturday,25-09-2021,10am
64,Anil,fdeeede@gamil.com,9879700047,PY,WD,Thursday,16-09-2021,10am
65,kiran,aassd21@gamil.com,9979778567,FSD,WE,Saturday,25-09-2021,4pm
75,Anukul,fdasede@gamil.com,9879711047,PY,WD,Thursday,16-09-2021,10am
76,santosh,santoshkumar@gamil.com,9133508789,BD,WE,Saturday,18-09-2021,4pm
78,krishna,krishna@gmail.com,7890609876,DS,WD,Thursday,16-09-2021,10am
80,madhu,madhu123@gmail.com,8678567887,BD,WD,Thursday,16-09-2021,10am
82,sravanthi,srav123@gmail.com,8765056767,DS,WE,Saturday,18-09-2021,4pm
84,pawan,pawan@gmail.com,8765321789,DS,WE,Saturday,18-09-2021,4pm
85,jasmin,jasmin@gmail.com,9765056123,PY,WD,Thursday,16-09-2021,10am
87,kajal,kajal@gmail.com,8767898760,AI,WE,Saturday,18-09-2021,10am
89,santhosh,kumar@gmail.com,9095056789,FSD,WD,Thursday,16-09-2021,4pm
92,jawali,jawali@gmail.com,9078676234,AI,WD,Thursday,16-09-2021,10am
95,prabhas,prabhas@gmail.com,9085076234,PY,WE,Saturday,18-09-2021,4pm
96,malliswari,malli@gmail.com,8765076678,DS,WE,Saturday,18-09-2021,10am
98,vijay,vijay@gmail.com,9865076234,FSD,WE,Saturday,18-09-2021,10am
100,rohithsharma,hitman@gmail.com,9026426426,BD,WD,Thursday,23-09-2021,10am
101,kareem,kareemv46@gmail.com,9876543212,BD,WE,Saturday,18-09-2021,4pm
103,sam, shane.wisozk@hotmail.com,9874569858,BD,WD,Thursday,23-09-2021,4pm
105,mooner, bernard.jenkins96@gmail.com,765437289,AI,WE,Saturday,18-09-2021,4pm
107,Hercules, sigurd_schmidt38@yahoo.com,6239097648,BD,WE,Saturday,18-09-2021,4pm
111,inosuke, yasmeen_cummings@yahoo.com,9767675645, PY,WD,Thursday,23-09-2021,10am
113,itachi, idell12@yahoo.com,8725436372, AI,WD,Thursday,23-09-2021,4pm
115,sasuke, josiane.steuber@hotmail.com,9002289922,PY,WD,Thursday,23-09-2021,4pm
117,john abrar, jalyn.dare@hotmail.com,8000002345,PY,WE,Saturday,25-09-2021,10am
119,faiz shaik, erin37@hotmail.com,8909090909, FSD,WE,Saturday,25-09-2021,4pm
121,Sameer, deondre71@hotmail.com,8765432190, AI,WD,Thursday,23-09-2021,10am
123,harsha, cody.beer@yahoo.com,9988776655, DS,WD,Thursday,23-09-2021,4pm
125,ravi, trudie49@yahoo.com,7289890976, DS,WE,Saturday,25-09-2021,10am
126,santosh,san@gmail.com,9587632522,DS,WE,Saturday,25-09-2021,4pm
127,punam,punam4@gmail.com,2398754132,AI,WD,Thursday,23-09-2021,10am
129,raja,rajad65@gmail.com,1122334499,DS,WE,Saturday,25-09-2021,10am
130,nehal,nehal@gmail.com,9874555212,BD,WE,Saturday,25-09-2021,4pm
132,sudhir,sud@gmail.com,9988647112,AI,WD,Thursday,23-09-2021,10am
135,rutvika,rut@gmail.com,3336325875,PY,WD,Thursday,23-09-2021,4pm
136,sumedh,sum@gmail.com,1789984752,FSD,WD,Thursday,23-09-2021,10am
137,rahil,rahil@gmail.com,8466998898,BD,WE,Saturday,18-09-2021,10am
140,rajesh,rajesh@gmail.com,2278698745,DS,WD,Thursday,16-09-2021,10am
143,rushali,rush@gmail.com,1233326545,FSD,WE,Saturday,25-09-2021,10am
147,sonal,sonal3422@gmail.com,6563113322,BD,WD,Thursday,16-09-2021,4pm
